AccountsToAdd,AccountsToRemove
TestAcct1,43482_046_10
TestAcct2,431203_046_10
TestAcct3,43483_046_10
TestAcct4,433015_046_10
TestAcct5,433017_124_10
TestAcct6,431682_069_10
TestAcct7,431682_124_10
TestAcct8,433013_124_10
TestAcct9,43452_069_10
TestAcct10,43452_124_10
TestAcct11,43453_124_10
TestAcct12,431203_124_10
TestAcct13,43482_124_10
TestAcct14,43454_069_10
TestAcct15,43454_124_10
TestAcct16,43483_124_10
TestAcct17,431103_085_07
TestAcct18,4311218_085_07
TestAcct19,431208_085_07
TestAcct20,4312357_085_07
TestAcct21,43175_085_07
TestAcct22,43176_085_07
TestAcct23,43177_085_07
TestAcct24,43178_085_07
TestAcct25,43179_085_07
TestAcct26,43181_085_07
TestAcct27,43182_085_07
TestAcct28,43183_085_07
TestAcct29,431843_085_07
TestAcct30,431864_085_07
TestAcct31,43188_085_07
TestAcct32,43192_085_07
TestAcct33,43193_085_07
TestAcct34,43198_085_07
TestAcct35,43201_085_07
TestAcct36,433800_085_07
TestAcct37,43402_085_07
TestAcct38,43468_085_07
TestAcct39,43477_085_07
TestAcct40,43194_085_07
TestAcct41,439213_085_07
TestAcct42,43176_089_07
TestAcct43,4312357_089_07
TestAcct44,43477_089_07
TestAcct45,43194_089_07
TestAcct46,439213_089_07
TestAcct47,43200_085_07
TestAcct48,43198_089_07
TestAcct49,431843_089_07
TestAcct50,4311417_097_06
TestAcct51,43179_097_06
TestAcct52,431830_093_06
TestAcct53,4311090_097_06
TestAcct54,43184_097_06
TestAcct55,431856_123_06
TestAcct56,43185_097_06
TestAcct57,43185_123_06
TestAcct58,43186_097_06
TestAcct59,43187_097_06
TestAcct60,43188_097_06
TestAcct61,43189_097_06
TestAcct62,43190_097_06
TestAcct63,43191_097_06
TestAcct64,43192_097_06
TestAcct65,43193_097_06
TestAcct66,43200_097_06
TestAcct67,432348_097_06
TestAcct68,43258_093_06
TestAcct69,43259_093_06
TestAcct70,43259_123_06
TestAcct71,43260_097_06
TestAcct72,43275_093_06
TestAcct73,43275_123_06
TestAcct74,43277_123_06
TestAcct75,43278_123_06
TestAcct76,43308_093_06
TestAcct77,43377_093_06
TestAcct78,433781_097_06
TestAcct79,433785_093_06
TestAcct80,433785_123_06
TestAcct81,43378_093_06
TestAcct82,433798_093_06
TestAcct83,43276_123_06
TestAcct84,433798_123_06
TestAcct85,433800_097_06
TestAcct86,433799_093_06
TestAcct87,43402_097_06
TestAcct88,43411_093_06
TestAcct89,43413_093_06
TestAcct90,43415_093_06
TestAcct91,43415_123_06
TestAcct92,43417_093_06
TestAcct93,43417_123_06
TestAcct94,438575_123_06
TestAcct95,438722_093_06
TestAcct96,438723_093_06
TestAcct97,438723_123_06
TestAcct98,438725_097_06
TestAcct99,438762_093_06
TestAcct100,438763_093_06
TestAcct101,438764_093_06
TestAcct102,438768_093_06
TestAcct103,431856_097_06
TestAcct104,438768_123_06
TestAcct105,431682_088_08
TestAcct106,431683_088_08
TestAcct107,431684_088_08
TestAcct108,431685_088_08
TestAcct109,433015_088_08
TestAcct110,433026_088_08
TestAcct111,433029_088_08
TestAcct112,433030_088_08
TestAcct113,43435_088_08
TestAcct114,43436_088_08
TestAcct115,43437_088_08
TestAcct116,43443_088_08
TestAcct117,43444_088_08
TestAcct118,43497_088_08
TestAcct119,431238_111_01
TestAcct120,43147_111_01
TestAcct121,431241_111_01
TestAcct122,43148_111_01
TestAcct123,43150_111_01
TestAcct124,43149_111_01
TestAcct125,43151_111_01
TestAcct126,43153_111_01
TestAcct127,43152_111_01
TestAcct128,43154_111_01
TestAcct129,43156_111_01
TestAcct130,43155_111_01
TestAcct131,431715_111_01
TestAcct132,43217_117_01
TestAcct133,43219_111_01
TestAcct134,43223_111_01
TestAcct135,43224_111_01
TestAcct136,431214_111_01
TestAcct137,43282_111_01
TestAcct138,43228_104_01
TestAcct139,43320_117_01
TestAcct140,43288_104_01
TestAcct141,43321_117_01
TestAcct142,43323_107_01
TestAcct143,43356_111_01
TestAcct144,43357_111_01
TestAcct145,43358_111_01
TestAcct146,43225_111_01
TestAcct147,439860_111_01
TestAcct148,4311190_111_01
TestAcct149,431217_117_01
TestAcct150,433738_111_01
TestAcct151,43231_144_01
TestAcct152,43235_144_01
TestAcct153,43229_144_01
TestAcct154,43231_103_01
TestAcct155,43229_103_01
TestAcct156,43230_103_01
TestAcct157,43155_109_01
TestAcct158,43152_109_01
TestAcct159,43153_109_01
TestAcct160,43224_109_01
TestAcct161,431218_117_01
TestAcct162,431218_118_01
TestAcct163,43156_109_01
TestAcct164,43225_109_01
TestAcct165,43154_109_01
TestAcct166,43147_109_01
TestAcct167,43223_109_01
TestAcct168,431238_109_01
TestAcct169,43151_109_01
TestAcct170,431241_109_01
TestAcct171,43150_109_01
TestAcct172,43148_109_01
TestAcct173,43149_109_01
TestAcct174,43287_120_01
TestAcct175,43241_107_01
TestAcct176,43321_107_01
TestAcct177,43217_107_01
TestAcct178,431837_119_01
TestAcct179,433738_109_01
TestAcct180,43372_092_04
TestAcct181,43374_092_04
TestAcct182,43379_092_04
TestAcct183,43399_092_04
TestAcct184,43373_092_04
TestAcct185,43585_092_04
TestAcct186,43370_092_04
TestAcct187,4313142_092_04
TestAcct188,43589_092_04
TestAcct189,43371_092_04
TestAcct190,43398_092_04
TestAcct191,43383_092_04
TestAcct192,43395_092_04
TestAcct193,433802_092_04
TestAcct194,43586_092_04
TestAcct195,43283_092_04
TestAcct196,43400_092_04
TestAcct197,43396_092_04
TestAcct198,4313141_092_04
TestAcct199,43387_092_04
TestAcct200,43401_092_04
TestAcct201,43394_092_04
TestAcct202,43382_092_04
TestAcct203,43386_092_04
TestAcct204,43147_121_02
TestAcct205,43242_113_02
TestAcct206,432331_113_02
TestAcct207,433792_113_02
TestAcct208,43243_113_02
TestAcct209,43305_105_02
TestAcct210,43304_105_02
TestAcct211,43302_105_02
TestAcct212,43301_105_02
TestAcct213,43291_105_02
TestAcct214,43173_105_02
TestAcct215,437365_105_02
TestAcct216,436961_105_02
TestAcct217,433791_105_02
TestAcct218,432403_105_02
TestAcct219,432401_105_02
TestAcct220,43307_105_02
TestAcct221,43306_105_02
TestAcct222,43148_121_02
TestAcct223,43153_121_02
TestAcct224,43151_121_02
TestAcct225,43152_121_02
TestAcct226,4310987_105_02
TestAcct227,432402_105_02
TestAcct228,43149_121_02
TestAcct229,43210_121_02
TestAcct230,43155_121_02
TestAcct231,43154_121_02
TestAcct232,43211_121_02
TestAcct233,43221_121_02
TestAcct234,43225_121_02
TestAcct235,43156_121_02
TestAcct236,43150_121_02
TestAcct237,43224_121_02
TestAcct238,43223_121_02
TestAcct239,431236_113_02
TestAcct240,43172_105_02
TestAcct241,431236_105_02
TestAcct242,43172_121_02
TestAcct243,431236_121_02
TestAcct244,43669_113_02
TestAcct245,438749_121_02
TestAcct246,438726_121_02
TestAcct247,4310158_081_12
TestAcct248,4310208_081_12
TestAcct249,4310215_081_12
TestAcct250,4310244_081_12
TestAcct251,4310316_141_12
TestAcct252,4311107_142_12
TestAcct253,4311997_080_12
TestAcct254,4312375_080_12
TestAcct255,4312641_081_12
TestAcct256,431645_081_12
TestAcct257,4310169_081_12
TestAcct258,431682_070_12
TestAcct259,431683_070_12
TestAcct260,431683_077_12
TestAcct261,431683_086_12
TestAcct262,431683_142_12
TestAcct263,431683_143_12
TestAcct264,431684_070_12
TestAcct265,431684_077_12
TestAcct266,431684_086_12
TestAcct267,431682_143_12
TestAcct268,431684_143_12
TestAcct269,431709_079_12
TestAcct270,431709_139_12
TestAcct271,431709_141_12
TestAcct272,431710_079_12
TestAcct273,431710_139_12
TestAcct274,431710_141_12
TestAcct275,431716_079_12
TestAcct276,431716_139_12
TestAcct277,431716_141_12
TestAcct278,431717_079_12
TestAcct279,431717_139_12
TestAcct280,431717_141_12
TestAcct281,431718_079_12
TestAcct282,431718_139_12
TestAcct283,431718_141_12
TestAcct284,431719_079_12
TestAcct285,431719_139_12
TestAcct286,431719_141_12
TestAcct287,432503_072_12
TestAcct288,432503_073_12
TestAcct289,432503_080_12
TestAcct290,432503_081_12
TestAcct291,432503_142_12
TestAcct292,433013_072_12
TestAcct293,433013_073_12
TestAcct294,433013_081_12
TestAcct295,433013_142_12
TestAcct296,433014_080_12
TestAcct297,431684_142_12
TestAcct298,433022_080_12
TestAcct299,433023_072_12
TestAcct300,433023_142_12
TestAcct301,433024_080_12
TestAcct302,433024_081_12
TestAcct303,433025_072_12
TestAcct304,433025_073_12
TestAcct305,433025_081_12
TestAcct306,433025_142_12
TestAcct307,433027_072_12
TestAcct308,433028_072_12
TestAcct309,433029_072_12
TestAcct310,433030_072_12
TestAcct311,433030_073_12
TestAcct312,433030_080_12
TestAcct313,433030_081_12
TestAcct314,433030_142_12
TestAcct315,433037_080_12
TestAcct316,433065_079_12
TestAcct317,433065_082_12
TestAcct318,433065_141_12
TestAcct319,433068_142_12
TestAcct320,433069_142_12
TestAcct321,433071_080_12
TestAcct322,433071_142_12
TestAcct323,433077_142_12
TestAcct324,433089_142_12
TestAcct325,433093_080_12
TestAcct326,433098_072_12
TestAcct327,433098_080_12
TestAcct328,433098_081_12
TestAcct329,433098_142_12
TestAcct330,433103_141_12
TestAcct331,433117_072_12
TestAcct332,433117_073_12
TestAcct333,433117_143_12
TestAcct334,433121_139_12
TestAcct335,433164_072_12
TestAcct336,433164_080_12
TestAcct337,433164_081_12
TestAcct338,433164_142_12
TestAcct339,433165_072_12
TestAcct340,433165_080_12
TestAcct341,433165_081_12
TestAcct342,433165_142_12
TestAcct343,433192_083_12
TestAcct344,433196_072_12
TestAcct345,433196_080_12
TestAcct346,433196_081_12
TestAcct347,433196_142_12
TestAcct348,433020_072_12
TestAcct349,433200_072_12
TestAcct350,433200_081_12
TestAcct351,433200_142_12
TestAcct352,433201_080_12
TestAcct353,433201_142_12
TestAcct354,433225_142_12
TestAcct355,433229_142_12
TestAcct356,433230_080_12
TestAcct357,433589_141_12
TestAcct358,433659_141_12
TestAcct359,433669_141_12
TestAcct360,43443_143_12
TestAcct361,43444_143_12
TestAcct362,433200_080_12
TestAcct363,4310474_049_13
TestAcct364,4311159_023_13
TestAcct365,4311159_035_13
TestAcct366,4311159_036_13
TestAcct367,4311159_130_13
TestAcct368,4311159_131_13
TestAcct369,4311159_132_13
TestAcct370,4311159_133_13
TestAcct371,431127_131_13
TestAcct372,4311997_051_13
TestAcct373,4311997_060_13
TestAcct374,4311997_061_13
TestAcct375,4311997_126_13
TestAcct376,4311997_127_13
TestAcct377,4311997_138_13
TestAcct378,431203_132_13
TestAcct379,431203_138_13
TestAcct380,4312342_064_13
TestAcct381,4312342_138_13
TestAcct382,431236_049_13
TestAcct383,4312375_051_13
TestAcct384,4312375_060_13
TestAcct385,4312375_061_13
TestAcct386,4312375_126_13
TestAcct387,4312375_127_13
TestAcct388,4312375_138_13
TestAcct389,4312616_130_13
TestAcct390,4312616_131_13
TestAcct391,4312674_023_13
TestAcct392,4312674_035_13
TestAcct393,4312674_036_13
TestAcct394,4312674_130_13
TestAcct395,4312674_131_13
TestAcct396,4312674_132_13
TestAcct397,4312674_133_13
TestAcct398,43157_049_13
TestAcct399,43158_049_13
TestAcct400,43159_049_13
TestAcct401,43162_049_13
TestAcct402,43163_049_13
TestAcct403,43164_049_13
TestAcct404,43165_049_13
TestAcct405,43166_049_13
TestAcct406,43167_049_13
TestAcct407,431682_138_13
TestAcct408,431685_138_13
TestAcct409,43168_049_13
TestAcct410,43169_049_13
TestAcct411,43170_049_13
TestAcct412,43171_049_13
TestAcct413,43207_049_13
TestAcct414,43209_049_13
TestAcct415,43242_049_13
TestAcct416,432503_064_13
TestAcct417,432503_138_13
TestAcct418,43288_049_13
TestAcct419,433002_131_13
TestAcct420,433004_023_13
TestAcct421,433004_035_13
TestAcct422,433004_036_13
TestAcct423,433004_130_13
TestAcct424,433004_131_13
TestAcct425,433004_132_13
TestAcct426,433004_133_13
TestAcct427,433005_128_13
TestAcct428,433006_133_13
TestAcct429,433008_051_13
TestAcct430,433008_060_13
TestAcct431,433008_126_13
TestAcct432,433008_127_13
TestAcct433,433009_045_13
TestAcct434,433009_052_13
TestAcct435,433009_059_13
TestAcct436,433009_133_13
TestAcct437,433009_134_13
TestAcct438,433010_132_13
TestAcct439,433010_135_13
TestAcct440,433011_023_13
TestAcct441,433011_035_13
TestAcct442,433011_036_13
TestAcct443,433011_129_13
TestAcct444,433011_132_13
TestAcct445,433012_130_13
TestAcct446,433012_131_13
TestAcct447,433015_132_13
TestAcct448,433015_138_13
TestAcct449,433017_048_13
TestAcct450,433017_132_13
TestAcct451,433019_132_13
TestAcct452,433019_133_13
TestAcct453,433023_064_13
TestAcct454,433023_138_13
TestAcct455,433024_064_13
TestAcct456,433024_138_13
TestAcct457,433025_138_13
TestAcct458,433026_064_13
TestAcct459,433026_138_13
TestAcct460,433029_064_13
TestAcct461,4310266_138_13
TestAcct462,433029_138_13
TestAcct463,433030_064_13
TestAcct464,433030_138_13
TestAcct465,433037_051_13
TestAcct466,433037_060_13
TestAcct467,433037_061_13
TestAcct468,433037_126_13
TestAcct469,433037_127_13
TestAcct470,433037_138_13
TestAcct471,433038_052_13
TestAcct472,433038_060_13
TestAcct473,433038_127_13
TestAcct474,433038_132_13
TestAcct475,433039_060_13
TestAcct476,433039_127_13
TestAcct477,433040_063_13
TestAcct478,433040_126_13
TestAcct479,433040_127_13
TestAcct480,433040_138_13
TestAcct481,433041_051_13
TestAcct482,433041_060_13
TestAcct483,433041_127_13
TestAcct484,433042_035_13
TestAcct485,433042_036_13
TestAcct486,433042_130_13
TestAcct487,433044_064_13
TestAcct488,433044_138_13
TestAcct489,433047_051_13
TestAcct490,433047_060_13
TestAcct491,433047_061_13
TestAcct492,433047_063_13
TestAcct493,433047_126_13
TestAcct494,433047_127_13
TestAcct495,433047_138_13
TestAcct496,433048_052_13
TestAcct497,433048_133_13
TestAcct498,433049_051_13
TestAcct499,433049_125_13
TestAcct500,433053_035_13
TestAcct501,433053_036_13
TestAcct502,43305_049_13
TestAcct503,433077_138_13
TestAcct504,433082_138_13
TestAcct505,433085_053_13
TestAcct506,433085_129_13
TestAcct507,433093_050_13
TestAcct508,433093_126_13
TestAcct509,433151_064_13
TestAcct510,433151_138_13
TestAcct511,433168_126_13
TestAcct512,43317_049_13
TestAcct513,43318_049_13
TestAcct514,433230_050_13
TestAcct515,433230_126_13
TestAcct516,433302_133_13
TestAcct517,433596_051_13
TestAcct518,433668_130_13
TestAcct519,433824_126_13
TestAcct520,433874_052_13
TestAcct521,433874_127_13
TestAcct522,43422_049_13
TestAcct523,43433_045_13
TestAcct524,43433_059_13
TestAcct525,43433_061_13
TestAcct526,43433_134_13
TestAcct527,43482_132_13
TestAcct528,43482_138_13
TestAcct529,43483_132_13
TestAcct530,43483_138_13
TestAcct531,43497_051_13
TestAcct532,43497_052_13
TestAcct533,43497_127_13
TestAcct534,43497_132_13
TestAcct535,43497_133_13
TestAcct536,43497_138_13
TestAcct537,43503_035_13
TestAcct538,433040_060_13
TestAcct539,43504_035_13
TestAcct540,43503_036_13
TestAcct541,43505_035_13
TestAcct542,43505_036_13
TestAcct543,43506_035_13
TestAcct544,43506_036_13
TestAcct545,43507_035_13
TestAcct546,43507_036_13
TestAcct547,43701_137_13
TestAcct548,43504_036_13
TestAcct549,43704_130_13
TestAcct550,43709_131_13
TestAcct551,4372_052_13
TestAcct552,4372_127_13
TestAcct553,437364_049_13
TestAcct554,43770_131_13
TestAcct555,438726_049_13
TestAcct556,43704_131_13
TestAcct557,438749_049_13
TestAcct558,438952_060_13
TestAcct559,431827_091_05
TestAcct560,43265_091_05
TestAcct561,43266_091_05
TestAcct562,43267_091_05
TestAcct563,433790_091_05
TestAcct564,433793_091_05
TestAcct565,433794_091_05
TestAcct566,433803_091_05
TestAcct567,431826_091_05
TestAcct568,433804_091_05
TestAcct569,43209_122_03
TestAcct570,43362_114_03
TestAcct571,43367_114_03
TestAcct572,43283_114_03
TestAcct573,43366_114_03
TestAcct574,4310512_114_03
TestAcct575,43365_114_03
TestAcct576,43368_114_03
TestAcct577,43364_114_03
TestAcct578,433802_114_03
TestAcct579,43363_114_03
TestAcct580,43305_116_03
TestAcct581,43159_116_03
TestAcct582,43157_116_03
TestAcct583,43162_116_03
TestAcct584,43158_116_03
TestAcct585,43164_116_03
TestAcct586,43163_116_03
TestAcct587,43167_116_03
TestAcct588,43166_116_03
TestAcct589,43165_116_03
TestAcct590,43206_122_03
TestAcct591,43205_122_03
TestAcct592,43208_122_03
TestAcct593,43334_122_03
TestAcct594,431230_122_03
TestAcct595,43166_146_03
TestAcct596,43165_146_03
TestAcct597,43159_146_03
TestAcct598,43167_146_03
TestAcct599,43164_146_03
TestAcct600,43163_146_03
TestAcct601,43162_146_03
TestAcct602,43207_146_03
TestAcct603,43157_146_03
TestAcct604,43158_146_03
TestAcct605,43155_122_03
TestAcct606,43152_122_03
TestAcct607,43153_122_03
TestAcct608,43224_122_03
TestAcct609,43156_122_03
TestAcct610,43225_122_03
TestAcct611,43154_122_03
TestAcct612,43209_146_03
TestAcct613,43147_122_03
TestAcct614,43223_122_03
TestAcct615,43151_122_03
TestAcct616,43150_122_03
TestAcct617,43148_122_03
TestAcct618,43149_122_03
TestAcct619,431204_087_09
TestAcct620,43255_087_09
TestAcct621,43452_068_09
TestAcct622,43452_087_09
TestAcct623,43453_068_09
TestAcct624,43453_087_09
TestAcct625,43454_068_09
TestAcct626,43454_087_09
TestAcct627,43459_068_09
TestAcct628,43459_087_09
TestAcct629,43462_068_09
TestAcct630,43462_087_09
TestAcct631,43443_087_09
TestAcct632,43444_087_09
TestAcct633,43480_041_11
